{
    "setup": {
        "params": {
            "t_step": 1,
            "t_max": 10000
        },
        "vessel_details": [
            {
                "vessel": "agent",
                "speed_kn": 10,
                "max_speed_kn": 25,
                "course": 90,
                "speed_change_rate": 0.1,
                "turning_rate": 1,
                "waypoints": [
                    [
                        "50-07-04.93N",
                        "04-12-13.60W"
                    ],
                    [
                        "50-07-04.93N",
                        "03-55-31.36W"
                    ]
                ]
            },
            {
                "vessel": "cruiseliner1",
                "speed_kn": 10,
                "course": 270,
                "waypoints": [
                    [
                        "50-07-03.68N",
                        "03-58-35.17W"
                    ],
                    [
                        "50-07-03.68N",
                        "04-05-01.60W"
                    ],
                    [
                        "50-07-49.20N",
                        "04-06-00.78W"
                    ],
                    [
                        "50-07-49.02N",
                        "04-09-24.44W"
                    ]
                ]
            },
            {
                "vessel": "cargoship1",
                "speed_kn": 10,
                "course": 270,
                "waypoints": [
                    [
                        "50-06-40.31N",
                        "03-57-31.72W"
                    ],
                    [
                        "50-06-40.31N",
                        "04-12-52.21W"
                    ]
                ]
            }
        ]
    },
    "log": [
        {
            "vessels": [
                {
                    "vessel_id": "cargoship1",
                    "xy": [
                        431438.85363111267,
                        5551434.4660399975
                    ],
                    "course_deg": -89.16617585358121,
                    "speed_kn": 9.99911296,
                    "speed_mps": 5.144,
                    "waypoints": [
                        [
                            431443.99708640063,
                            5551434.391182127
                        ],
                        [
                            413162.2062695097,
                            5551700.4644426815
                        ]
                    ]
                }
            ],
            "time": 1
        },
        {
            "vessels": [
                {
                    "vessel_id": "cargoship1",
                    "xy": [
                        431433.7101758247,
                        5551434.540897868
                    ],
                    "course_deg": -89.16617585358121,
                    "speed_kn": 9.99911296,
                    "speed_mps": 5.144,
                    "waypoints": [
                        [
                            431443.99708640063,
                            5551434.391182127
                        ],
                        [
                            413162.2062695097,
                            5551700.4644426815
                        ]
                    ]
                }
            ],
            "time": 2
        },
        {
            "vessels": [
                {
                    "vessel_id": "cargoship1",
                    "xy": [
                        431428.56672053674,
                        5551434.615755738
                    ],
                    "course_deg": -89.16617585358121,
                    "speed_kn": 9.99911296,
                    "speed_mps": 5.144,
                    "waypoints": [
                        [
                            431443.99708640063,
                            5551434.391182127
                        ],
                        [
                            413162.2062695097,
                            5551700.4644426815
                        ]
                    ]
                }
            ],
            "time": 3
        },
        {
            "vessels": [
                {
                    "vessel_id": "cargoship1",
                    "xy": [
                        431423.42326524877,
                        5551434.690613608
                    ],
                    "course_deg": -89.16617585358121,
                    "speed_kn": 9.99911296,
                    "speed_mps": 5.144,
                    "waypoints": [
                        [
                            431443.99708640063,
                            5551434.391182127
                        ],
                        [
                            413162.2062695097,
                            5551700.4644426815
                        ]
                    ]
                }
            ],
            "time": 4
        },
        {
            "vessels": [
                {
                    "vessel_id": "cargoship1",
                    "xy": [
                        431418.2798099608,
                        5551434.765471478
                    ],
                    "course_deg": -89.16617585358121,
                    "speed_kn": 9.99911296,
                    "speed_mps": 5.144,
                    "waypoints": [
                        [
                            431443.99708640063,
                            5551434.391182127
                        ],
                        [
                            413162.2062695097,
                            5551700.4644426815
                        ]
                    ]
                }
            ],
            "time": 5
        },
        {
            "vessels": [
                {
                    "vessel_id": "cargoship1",
                    "xy": [
                        431413.13635467284,
                        5551434.840329348
                    ],
                    "course_deg": -89.16617585358121,
                    "speed_kn": 9.99911296,
                    "speed_mps": 5.144,
                    "waypoints": [
                        [
                            431443.99708640063,
                            5551434.391182127
                        ],
                        [
                            413162.2062695097,
                            5551700.4644426815
                        ]
                    ]
                }
            ],
            "time": 6
        },
        {
            "vessels": [
                {
                    "vessel_id": "cargoship1",
                    "xy": [
                        431407.9928993849,
                        5551434.915187218
                    ],
                    "course_deg": -89.16617585358121,
                    "speed_kn": 9.99911296,
                    "speed_mps": 5.144,
                    "waypoints": [
                        [
                            431443.99708640063,
                            5551434.391182127
                        ],
                        [
                            413162.2062695097,
                            5551700.4644426815
                        ]
                    ]
                }
            ],
            "time": 7
        },
        {
            "vessels": [
                {
                    "vessel_id": "cargoship1",
                    "xy": [
                        431402.8494440969,
                        5551434.990045088
                    ],
                    "course_deg": -89.16617585358121,
                    "speed_kn": 9.99911296,
                    "speed_mps": 5.144,